zona_geografica,Total_Anual,participacion_pct,Año
AMG,84955,74.24254341119821,2025
Interior,29474,25.75745658880179,2025
